-- --------------------------------------------------------
-- 호스트:                          127.0.0.1
-- 서버 버전:                        10.6.7-MariaDB - mariadb.org binary distribution
-- 서버 OS:                        Win64
-- HeidiSQL 버전:                  11.3.0.6295
-- --------------------------------------------------------

/*!40101 SET @OLD_CHARACTER_SET_CLIENT=@@CHARACTER_SET_CLIENT */;
/*!40101 SET NAMES utf8 */;
/*!50503 SET NAMES utf8mb4 */;
/*!40014 SET @OLD_FOREIGN_KEY_CHECKS=@@FOREIGN_KEY_CHECKS, FOREIGN_KEY_CHECKS=0 */;
/*!40101 SET @OLD_SQL_MODE=@@SQL_MODE, SQL_MODE='NO_AUTO_VALUE_ON_ZERO' */;
/*!40111 SET @OLD_SQL_NOTES=@@SQL_NOTES, SQL_NOTES=0 */;


-- 59project 데이터베이스 구조 내보내기
CREATE DATABASE IF NOT EXISTS `59project` /*!40100 DEFAULT CHARACTER SET utf8mb3 */;
USE `59project`;

-- 테이블 59project.t_board 구조 내보내기
CREATE TABLE IF NOT EXISTS `t_board` (
  `i_board` int(10) unsigned NOT NULL AUTO_INCREMENT,
  `title` varchar(200) NOT NULL,
  `ctnt` varchar(3000) NOT NULL,
  `create_at` datetime DEFAULT current_timestamp(),
  `mod_at` datetime DEFAULT current_timestamp(),
  PRIMARY KEY (`i_board`)
) ENGINE=InnoDB DEFAULT CHARSET=utf8mb3;

-- 테이블 데이터 59project.t_board:~0 rows (대략적) 내보내기
/*!40000 ALTER TABLE `t_board` DISABLE KEYS */;
/*!40000 ALTER TABLE `t_board` ENABLE KEYS */;

-- 테이블 59project.t_categorie 구조 내보내기
CREATE TABLE IF NOT EXISTS `t_categorie` (
  `cate_num` int(10) unsigned NOT NULL AUTO_INCREMENT,
  `cate_nm` varchar(50) NOT NULL,
  PRIMARY KEY (`cate_num`),
  UNIQUE KEY `cate_nm` (`cate_nm`)
) ENGINE=InnoDB AUTO_INCREMENT=13 DEFAULT CHARSET=utf8mb3;

-- 테이블 데이터 59project.t_categorie:~12 rows (대략적) 내보내기
/*!40000 ALTER TABLE `t_categorie` DISABLE KEYS */;
INSERT IGNORE INTO `t_categorie` (`cate_num`, `cate_nm`) VALUES
	(9, '네일샵'),
	(4, '도시락'),
	(2, '분식'),
	(6, '양식'),
	(12, '운동'),
	(7, '일식'),
	(5, '중식'),
	(11, '취미'),
	(8, '커피,디저트'),
	(3, '패스트푸드'),
	(1, '한식'),
	(10, '헤어샵');
/*!40000 ALTER TABLE `t_categorie` ENABLE KEYS */;

-- 테이블 59project.t_coupon 구조 내보내기
CREATE TABLE IF NOT EXISTS `t_coupon` (
  `coupon_num` int(10) unsigned NOT NULL AUTO_INCREMENT,
  `sub_num` int(10) unsigned DEFAULT NULL,
  `user_num` int(10) unsigned DEFAULT NULL,
  `coupon` varchar(50) NOT NULL,
  `created_at` datetime DEFAULT current_timestamp(),
  `used_at` datetime DEFAULT NULL,
  `cd_coupon_type` int(10) unsigned NOT NULL,
  `coupon_val` int(10) unsigned NOT NULL,
  PRIMARY KEY (`coupon_num`),
  KEY `sub_num` (`sub_num`),
  KEY `user_num` (`user_num`),
  CONSTRAINT `t_coupon_ibfk_1` FOREIGN KEY (`sub_num`) REFERENCES `t_sub` (`sub_num`),
  CONSTRAINT `t_coupon_ibfk_2` FOREIGN KEY (`user_num`) REFERENCES `t_user` (`user_num`)
) ENGINE=InnoDB DEFAULT CHARSET=utf8mb3;

-- 테이블 데이터 59project.t_coupon:~0 rows (대략적) 내보내기
/*!40000 ALTER TABLE `t_coupon` DISABLE KEYS */;
/*!40000 ALTER TABLE `t_coupon` ENABLE KEYS */;

-- 테이블 59project.t_likestore 구조 내보내기
CREATE TABLE IF NOT EXISTS `t_likestore` (
  `user_num` int(10) unsigned NOT NULL,
  `store_num` int(10) unsigned NOT NULL,
  PRIMARY KEY (`user_num`,`store_num`),
  KEY `store_num` (`store_num`),
  CONSTRAINT `t_likestore_ibfk_1` FOREIGN KEY (`user_num`) REFERENCES `t_user` (`user_num`),
  CONSTRAINT `t_likestore_ibfk_2` FOREIGN KEY (`store_num`) REFERENCES `t_store` (`store_num`)
) ENGINE=InnoDB DEFAULT CHARSET=utf8mb3;

-- 테이블 데이터 59project.t_likestore:~3 rows (대략적) 내보내기
/*!40000 ALTER TABLE `t_likestore` DISABLE KEYS */;
INSERT IGNORE INTO `t_likestore` (`user_num`, `store_num`) VALUES
	(10, 5),
	(10, 18),
	(45, 18);
/*!40000 ALTER TABLE `t_likestore` ENABLE KEYS */;

-- 테이블 59project.t_menu 구조 내보내기
CREATE TABLE IF NOT EXISTS `t_menu` (
  `menu_num` int(10) unsigned NOT NULL AUTO_INCREMENT,
  `store_num` int(10) unsigned NOT NULL,
  `menu_cate` varchar(50) NOT NULL,
  `menu_nm` varchar(100) NOT NULL,
  `price` int(10) unsigned NOT NULL,
  `subed_price` int(10) unsigned NOT NULL,
  `subed_count` int(10) unsigned NOT NULL,
  `cd_unit` int(10) unsigned NOT NULL,
  `menu_intro` varchar(500) NOT NULL,
  `menu_photo` varchar(100) NOT NULL,
  `validity` int(10) unsigned DEFAULT NULL,
  `required_time` int(10) unsigned DEFAULT NULL,
  PRIMARY KEY (`menu_num`),
  KEY `store_num` (`store_num`),
  CONSTRAINT `t_menu_ibfk_1` FOREIGN KEY (`store_num`) REFERENCES `t_store` (`store_num`)
) ENGINE=InnoDB AUTO_INCREMENT=159 DEFAULT CHARSET=utf8mb3;

-- 테이블 데이터 59project.t_menu:~150 rows (대략적) 내보내기
/*!40000 ALTER TABLE `t_menu` DISABLE KEYS */;
INSERT IGNORE INTO `t_menu` (`menu_num`, `store_num`, `menu_cate`, `menu_nm`, `price`, `subed_price`, `subed_count`, `cd_unit`, `menu_intro`, `menu_photo`, `validity`, `required_time`) VALUES
	(1, 1, '탕', '만두탕', 80000, 65000, 10, 1, '만두탕', '0820053b-3fd6-40e3-a571-72bfa5626cb4.jpg', NULL, NULL),
	(5, 1, '탕', '해물탕', 150000, 120000, 10, 1, '해물탕은 한국 요리로서 해산물을 고추장, 고춧가루, 국간장, 조미술, 다진마늘, 생강, 후춧가루 등으로 맛을 낸 육수에 넣고 재료를 섞어 여러가지 채소와 함께 끓여낸 음식으로, 칼칼하고 시원한 국물맛이 일품인 요리이다. 주재료인 해산물은 꽃게, 오징어, 낙지, 모시조개 등이 있다.', 'e0cfe8be-76a4-4adc-8f4d-09923c57ec2e.jpg', NULL, NULL),
	(6, 1, '탕', '갈비탕', 80000, 65000, 10, 1, '갈비탕은 소의 갈비부위를 주재료로 하는 탕이다. 갈비 부위를 오랜시간 끓는 물에서 우려낸 뒤에 국간장, 소금, 기타 양념으로 간을 하는데, 식성에 따라 당면을 넣어 먹기도 한다.', '0e3ca50d-8403-4e53-b440-c2b3453a2908.jpg', NULL, NULL),
	(7, 1, '탕', '설렁탕', 80000, 65000, 10, 1, '설렁탕은 소의 머리, 내장, 뼈다귀, 발, 도가니 따위를 푹 삶아서 만든 국 또는 우려낸 국물에 밥을 말아 먹는 음식이다. 뼈국으로 볼 수 있다. 대한민국의 대표적인 음식 중 하나이다. 먹을 때 소금, 후춧가루, 다진 파 등을 넣어 간을 맞춘 후, 깍두기, 김치를 곁들여 먹는다.', '34ded8f5-6b26-4d2a-892e-1cb8927e7eb0.jpg', NULL, NULL),
	(8, 1, '탕', '닭볶음탕', 150000, 120000, 10, 1, '닭볶음탕 또는 닭도리탕은 형태상 조림에 가까운 한국의 요리이다. 토막 낸 닭고기를 고추장, 고춧가루, 간장, 파, 마늘 등의 양념으로 볶거나 약간의 국물을 남기고 졸여 만든다. 부재료로는 주로 큼직하게 썬 감자, 양파, 당근 등이 같이 들어간다.', 'ca31d18e-bf59-49a4-9863-14b8324f0fe2.jpg', NULL, NULL),
	(9, 1, '찌개', '된장찌개', 70000, 63000, 10, 1, '된장찌개는 끓는 육수에 된장을 풀고 육류나 어패류, 채소, 두부, 버섯 등을 비롯한 각종 재료를 넣어 끓인 찌개의 한 종류이다. 된장국과도 비슷하며, 육류와 어패류를 된장찌개에 함께 넣는 경우는 거의 없다. 계절에 따라 다른 재료를 곁들이기도 한다. 토장찌개라고도 한다.', '15f7e2a0-ae1b-471e-923e-7c62dfab7635.jpg', NULL, NULL),
	(10, 1, '찌개', '김치찌개', 70000, 63000, 10, 1, '김치찌개는 대표적인 한국 요리 중 하나로, 김치를 넣고 얼큰하게 끓인 찌개이다. 된장찌개, 순두부찌개와 함께 가장 널리 알려진 찌개 요리이다.', '7e1852ab-e58a-4fcc-b425-3a079d287814.jpg', NULL, NULL),
	(11, 1, '사이드메뉴', '고등어구이', 50000, 45000, 10, 1, '바삭 촉촉한 고등어 구이입니다.', '30cb4a89-b2d5-4f04-8123-7b8e491eef2c.jpg', NULL, NULL),
	(12, 1, '사이드메뉴', '불고기', 50000, 45000, 10, 1, '불고기는 한국의 고기 요리이다. 쇠고기 등의 살코기를 저며 양념하여 재었다가 불에 구운 음식이다. 대한민국의 국민 음식 가운데 하나로 여겨진다.', '0967381e-b09e-4760-9221-541367c536b8.jpg', NULL, NULL),
	(13, 1, '사이드메뉴', '스팸', 50000, 45000, 10, 1, '바삭 촉촉한 스팸입니다.', '0166a63a-99e6-4b79-b436-faa46ef4c008.jpg', NULL, NULL),
	(14, 1, '사이드메뉴', '창란젓갈', 50000, 45000, 10, 1, '창란젓은 명태의 창자를 소금와 고추가루, 물엿에 절여 담근 젓이다.', 'eb9f5715-9b7d-4249-86db-362881d2bc7d.jpg', NULL, NULL),
	(15, 1, '사이드메뉴', '계란', 10000, 9000, 10, 1, '달걀 프라이는 달걀을 기름 등에 부쳐내어 만든 요리다. 단순한 재료에 간단한 조리법 때문에 주로 간단한 아침식사에 많이 사용된다. 여기에 지역별 및 나라별로 다양하게 조리되거나 또는 여러가지 요리에 응용된다.', 'ed6e79ab-a7b0-4131-8618-3e73687e37e2.jpg', NULL, NULL),
	(16, 18, '김밥류', '계란김밥', 30000, 27000, 10, 1, '계란을 넣은 김밥', '5373b57a-08e0-49bf-b01b-5ffc37bdb61f.jpg', NULL, NULL),
	(17, 18, '김밥류', '치즈김밥', 30000, 27000, 10, 1, '치즈를 넣은 김밥', 'e9955da2-9339-4bcf-9c8d-6d665f0bce79.jpg', NULL, NULL),
	(18, 18, '김밥류', '참치김밥', 40000, 36000, 10, 1, '참치를 넣은 김밥', '388413c5-d669-4cb3-9e36-4470fd50b1f9.jpg', NULL, NULL),
	(19, 18, '김밥류', '매콤제육김밥', 40000, 36000, 10, 1, '매콤제육을 넣은 김밥', 'c5c51357-5e06-4114-9559-cf309c1dc629.jpg', NULL, NULL),
	(20, 18, '김밥류', '불고기김밥', 40000, 36000, 10, 1, '불고기를 넣은 김밥', '4f06f66d-925d-42bd-a72b-cddb3101b8c6.jpg', NULL, NULL),
	(21, 18, '라이스류', '오므라이스', 70000, 63000, 10, 1, '오므라이스', '59b49d26-5420-4c6e-8a77-b23ddcd3d054.png', NULL, NULL),
	(22, 18, '라이스류', '제육덮밥', 70000, 63000, 10, 1, '제육덮밥', '4b8bf6da-96ce-4bec-a97b-6daf357c1ad2.jpg', NULL, NULL),
	(23, 18, '라이스류', '불고기덮밥', 70000, 63000, 10, 1, '불고기덮밥', '83289d62-94e7-48d0-8ed2-17ec9572d2f6.jpg', NULL, NULL),
	(24, 18, '라이스류', '김치베이컨볶음밥', 70000, 63000, 10, 1, '김치베이컨볶음밥', 'cf5c248b-2408-409d-ac74-82ae959c66ea.jpg', NULL, NULL),
	(25, 18, '라이스류', '간장콩나물비빔밥', 70000, 63000, 10, 1, '간장콩나물비빔밥', '676c0672-d491-4c20-b96d-c130f6ce2f95.jpg', NULL, NULL),
	(26, 18, '식사류', '등심돈까스', 70000, 63000, 10, 1, '등심돈까스', 'f5fd6447-93aa-4a30-8e10-c0cd7e8bd60c.jpg', NULL, NULL),
	(27, 18, '식사류', '치즈돈까스', 70000, 63000, 10, 1, '치즈돈까스', '3366abb8-aabd-4bb1-894d-9250519af07d.jpg', NULL, NULL),
	(28, 18, '식사류', '고구마치즈돈까스', 70000, 63000, 10, 1, '고구마치즈돈까스', '7311852b-bc2f-4591-b9a0-eb1848d749b9.jpg', NULL, NULL),
	(29, 18, '찌개류', '해물된장찌개', 70000, 63000, 10, 1, '해물된장찌개', 'aee20f1a-ddb8-4ec0-9ecb-be8049d1b4a0.jpg', NULL, NULL),
	(30, 18, '찌개류', '해물순두부찌개', 70000, 63000, 10, 1, '해물순두부찌개', '689683be-2e1b-4de8-8f2b-779209822d5f.jpg', NULL, NULL),
	(31, 18, '찌개류', '김치찌개', 70000, 63000, 10, 1, '김치찌개', 'f08128ac-a830-4991-910c-298877129817.jpg', NULL, NULL),
	(32, 18, '찌개류', '부대찌개', 70000, 63000, 10, 1, '부대찌개', '1a662893-122d-4f16-852a-4ad330136bab.jpg', NULL, NULL),
	(33, 18, '면류', '쫄면', 55000, 50000, 10, 1, '쫄면', 'd61959a9-05b1-424f-8aea-e4b13a2c4f0a.jpg', NULL, NULL),
	(34, 18, '면류', '잔치국수', 55000, 50000, 10, 1, '잔치국수', '7ba6480b-7081-4de0-9850-bd9c4f743933.jpg', NULL, NULL),
	(35, 18, '면류', '비빔국수', 55000, 50000, 10, 1, '비빔국수', 'd4dad872-16df-4b8b-b3f5-4a01780155d4.jpg', NULL, NULL),
	(36, 20, '세트', '트리플 치즈 버거 세트', 87000, 80000, 10, 1, '트리플 치즈 버거 세트', '../../../../sub_basic.jpg', NULL, NULL),
	(37, 20, '세트', '필레 오 피쉬버거 세트', 63000, 57000, 10, 1, '필레 오 피쉬버거 세트', '../../../../sub_basic.jpg', NULL, NULL),
	(38, 20, '세트', '슈비버거 세트', 88000, 79000, 10, 1, '슈비버거 세트', '../../../../sub_basic.jpg', NULL, NULL),
	(39, 20, '세트', '1955버거 세트', 90000, 81000, 10, 1, '1955버거 세트', '../../../../sub_basic.jpg', NULL, NULL),
	(40, 20, '세트', '빅맥 세트', 77000, 70000, 10, 1, '빅맥 세트', '../../../../sub_basic.jpg', NULL, NULL),
	(41, 20, '세트', '불고기버거 세트', 61000, 55000, 10, 1, '불고기버거 세트', '../../../../sub_basic.jpg', NULL, NULL),
	(42, 20, '세트', '상하이버거 세트', 77000, 70000, 10, 1, '상하이버거 세트', '../../../../sub_basic.jpg', NULL, NULL),
	(43, 20, '세트', '치즈버거 세트', 63000, 57000, 10, 1, '치즈버거 세트', '../../../../sub_basic.jpg', NULL, NULL),
	(44, 20, '단품', '트리플 치즈 버거', 50000, 45000, 10, 1, '트리플 치즈 버거', '../../../../sub_basic.jpg', NULL, NULL),
	(45, 20, '단품', '슈비버거', 50000, 45000, 10, 1, '슈비버거', '../../../../sub_basic.jpg', NULL, NULL),
	(46, 20, '단품', '1955버거', 50000, 45000, 10, 1, '1955버거', '../../../../sub_basic.jpg', NULL, NULL),
	(47, 20, '단품', '빅맥', 50000, 45000, 10, 1, '빅맥', '../../../../sub_basic.jpg', NULL, NULL),
	(48, 20, '단품', '불고기버거', 50000, 45000, 10, 1, '불고기버거', '../../../../sub_basic.jpg', NULL, NULL),
	(49, 20, '단품', '상하이버거', 50000, 45000, 10, 1, '상하이버거', '../../../../sub_basic.jpg', NULL, NULL),
	(50, 20, '단품', '치즈버거', 50000, 45000, 10, 1, '치즈버거', '../../../../sub_basic.jpg', NULL, NULL),
	(51, 20, '단품', '필레 오 피쉬버거', 50000, 45000, 10, 1, '필레 오 피쉬버거', '../../../../sub_basic.jpg', NULL, NULL),
	(52, 20, '스낵 & 사이드', '소시지 스낵랩', 32000, 29000, 10, 1, '소시지 스낵랩', '../../../../sub_basic.jpg', NULL, NULL),
	(53, 20, '스낵 & 사이드', '모짜렐라 치즈스틱', 32000, 29000, 10, 1, '모짜렐라 치즈스틱', '../../../../sub_basic.jpg', NULL, NULL),
	(54, 20, '스낵 & 사이드', '맥너겟', 32000, 29000, 10, 1, '맥너겟', '../../../../sub_basic.jpg', NULL, NULL),
	(55, 20, '스낵 & 사이드', '맥스파이시 치킨텐더', 32000, 29000, 10, 1, '맥스파이시 치킨텐더', '../../../../sub_basic.jpg', NULL, NULL),
	(56, 20, '스낵 & 사이드', '상하이 치킨 스낵랩', 32000, 29000, 10, 1, '상하이 치킨 스낵랩', '../../../../sub_basic.jpg', NULL, NULL),
	(57, 20, '스낵 & 사이드', '후렌치 후라이', 32000, 29000, 10, 1, '후렌치 후라이', '../../../../sub_basic.jpg', NULL, NULL),
	(58, 21, '1인 덮밥', '제육 덮밥', 90000, 80000, 10, 1, '제육 덮밥', '../../../../sub_basic.jpg', NULL, NULL),
	(59, 21, '1인 덮밥', '석쇠 불고기 덮밥', 90000, 80000, 10, 1, '석쇠 불고기 덮밥', '../../../../sub_basic.jpg', NULL, NULL),
	(60, 21, '1인 덮밥', '삼겹 김치 덮밥', 90000, 80000, 10, 1, '삼겹 김치 덮밥', '../../../../sub_basic.jpg', NULL, NULL),
	(61, 21, '1인 도시락', '김치볶음밥 도시락', 90000, 80000, 10, 1, '김치볶음밥 도시락', '../../../../sub_basic.jpg', NULL, NULL),
	(62, 21, '1인 도시락', '제육 후라이 도시락', 90000, 80000, 10, 1, '제육 후라이 도시락', '../../../../sub_basic.jpg', NULL, NULL),
	(63, 21, '1인 도시락', '석쇠 후라이 도시락', 90000, 80000, 10, 1, '석쇠 후라이 도시락', '../../../../sub_basic.jpg', NULL, NULL),
	(64, 21, '1인 도시락', '삼겹 후라이 도시락', 90000, 80000, 10, 1, '삼겹 후라이 도시락', '../../../../sub_basic.jpg', NULL, NULL),
	(65, 21, '실속구이메뉴', '제육볶음[만]', 85000, 78000, 10, 1, '제육볶음[만]', '../../../../sub_basic.jpg', NULL, NULL),
	(66, 21, '실속구이메뉴', '석쇠불고기[만]', 85000, 78000, 10, 1, '석쇠불고기[만]', '../../../../sub_basic.jpg', NULL, NULL),
	(67, 21, '실속구이메뉴', '큐브 스팸구이[만]', 85000, 78000, 10, 1, '큐브 스팸구이[만]', '../../../../sub_basic.jpg', NULL, NULL),
	(68, 21, '실속구이메뉴', '삼겹살 소금구이[만]', 85000, 78000, 10, 1, '삼겹살 소금구이[만]', '../../../../sub_basic.jpg', NULL, NULL),
	(69, 23, '면류', '짜장면', 60000, 54000, 10, 1, '짜장면', '../../../../sub_basic.jpg', NULL, NULL),
	(70, 23, '면류', '짬뽕', 60000, 54000, 10, 1, '짬뽕', '../../../../sub_basic.jpg', NULL, NULL),
	(71, 23, '면류', '야끼우동', 60000, 54000, 10, 1, '야끼우동', '../../../../sub_basic.jpg', NULL, NULL),
	(72, 23, '면류', '쟁반짜장', 60000, 54000, 10, 1, '쟁반짜장', '../../../../sub_basic.jpg', NULL, NULL),
	(73, 23, '면류', '간짜장', 60000, 54000, 10, 1, '간짜장', '../../../../sub_basic.jpg', NULL, NULL),
	(74, 23, '밥류', '볶음밥', 60000, 54000, 10, 1, '볶음밥', '../../../../sub_basic.jpg', NULL, NULL),
	(75, 23, '밥류', '중화비빔밥', 60000, 54000, 10, 1, '중화비빔밥', '../../../../sub_basic.jpg', NULL, NULL),
	(76, 23, '밥류', '짬뽕밥', 60000, 54000, 10, 1, '짬뽕밥', '../../../../sub_basic.jpg', NULL, NULL),
	(77, 23, '밥류', '삼선볶음밥', 60000, 54000, 10, 1, '삼선볶음밥', '../../../../sub_basic.jpg', NULL, NULL),
	(78, 23, '밥류', '오므라이스', 60000, 54000, 10, 1, '오므라이스', '../../../../sub_basic.jpg', NULL, NULL),
	(79, 23, '밥류', '고추잡채밥', 60000, 54000, 10, 1, '고추잡채밥', '../../../../sub_basic.jpg', NULL, NULL),
	(80, 23, '요리류', '탕수육', 100000, 90000, 5, 1, '탕수육', '../../../../sub_basic.jpg', NULL, NULL),
	(81, 23, '요리류', '양장피', 100000, 90000, 5, 1, '양장피', '../../../../sub_basic.jpg', NULL, NULL),
	(82, 23, '요리류', '깐풍기', 100000, 90000, 5, 1, '깐풍기', '../../../../sub_basic.jpg', NULL, NULL),
	(83, 23, '요리류', '깐쇼새우', 100000, 90000, 5, 1, '깐쇼새우', '../../../../sub_basic.jpg', NULL, NULL),
	(84, 25, '스테이크', '목살 스테이크 샐러드', 100000, 90000, 5, 1, '목살 스테이크 샐러드', '1e32a33c-51ba-4206-bf29-142e7ff681bc.webp', NULL, NULL),
	(85, 25, '스테이크', '그릴드 치킨스테이크 샐러드', 100000, 90000, 5, 1, '그릴드 치킨스테이크 샐러드', '75ac9112-b3d6-49f7-93d1-da76723917da.jpg', NULL, NULL),
	(86, 25, '필라프', '우삼겹 필라프', 100000, 90000, 10, 1, '우삼겹 필라프', '5a12c6b0-74e8-46d0-a811-a494514fb6f5.png', NULL, NULL),
	(87, 25, '필라프', '새우 필라프', 100000, 90000, 10, 1, '새우 필라프', '5ee54dc1-bfa2-41d8-9217-4ff533c487d3.jpg', NULL, NULL),
	(88, 25, '필라프', '목살 필라프', 100000, 90000, 10, 1, '목살 필라프', '8d81297e-56ca-4a00-90b4-7872434fce18.jpg', NULL, NULL),
	(89, 25, '필라프', '김치 필라프', 100000, 90000, 10, 1, '김치 필라프', '34593b17-332d-4569-8316-1d6f2e72ed93.jpg', NULL, NULL),
	(90, 25, '필라프', '베이컨 필라프', 100000, 90000, 10, 1, '베이컨 필라프', 'b8b297d4-65c8-406d-b769-1adfa85447b9.jpg', NULL, NULL),
	(91, 25, '파스타', '우삼겹 마라 크림 파스타', 100000, 90000, 10, 1, '우삼겹 마라 크림 파스타', '396bcd80-a429-40ec-a881-89ac1169bb8d.jpg', NULL, NULL),
	(92, 25, '파스타', '그릴드 치킨 크림 파스타', 100000, 90000, 10, 1, '그릴드 치킨 크림 파스타', '209abcaf-e42a-4eb1-9a79-1062fb3cc61d.jpg', NULL, NULL),
	(93, 25, '파스타', '베이컨 까르보나라', 100000, 90000, 10, 1, '베이컨 까르보나라', '../../../../sub_basic.jpg', NULL, NULL),
	(94, 25, '파스타', '해물 크림 파스타', 100000, 90000, 10, 1, '해물 크림 파스타', '../../../../sub_basic.jpg', NULL, NULL),
	(95, 25, '파스타', '토마토 미트 파스타', 100000, 90000, 10, 1, '토마토 미트 파스타', '../../../../sub_basic.jpg', NULL, NULL),
	(96, 25, '파스타', '베이컨 로제 파스타', 100000, 90000, 10, 1, '베이컨 로제 파스타', '../../../../sub_basic.jpg', NULL, NULL),
	(97, 27, '초밥', '스시정식', 70000, 63000, 10, 1, '스시정식', '../../../../sub_basic.jpg', NULL, NULL),
	(98, 27, '초밥', '유부초밥', 70000, 63000, 10, 1, '유부초밥', '../../../../sub_basic.jpg', NULL, NULL),
	(99, 27, '초밥', '새우초밥', 70000, 63000, 10, 1, '새우초밥', '../../../../sub_basic.jpg', NULL, NULL),
	(100, 27, '초밥', '모듬초밥', 70000, 63000, 10, 1, '모듬초밥', '../../../../sub_basic.jpg', NULL, NULL),
	(101, 27, '초밥', '생연어초밥', 70000, 63000, 10, 1, '생연어초밥', '../../../../sub_basic.jpg', NULL, NULL),
	(102, 27, '초밥', '대게살초밥', 70000, 63000, 10, 1, '대게살초밥', '../../../../sub_basic.jpg', NULL, NULL),
	(103, 27, '롤', '캘리포니아롤', 70000, 63000, 10, 1, '캘리포니아롤', '../../../../sub_basic.jpg', NULL, NULL),
	(104, 27, '롤', '새우튀김롤', 70000, 63000, 10, 1, '새우튀김롤', '../../../../sub_basic.jpg', NULL, NULL),
	(105, 27, '롤', '베이컨치즈롤', 70000, 63000, 10, 1, '베이컨치즈롤', '../../../../sub_basic.jpg', NULL, NULL),
	(106, 27, '롤', '생참치롤', 70000, 63000, 10, 1, '생참치롤', '../../../../sub_basic.jpg', NULL, NULL),
	(107, 27, '롤', '대게살롤', 70000, 63000, 10, 1, '대게살롤', '../../../../sub_basic.jpg', NULL, NULL),
	(108, 27, '롤', '연어롤', 70000, 63000, 10, 1, '연어롤', '../../../../sub_basic.jpg', NULL, NULL),
	(109, 27, '우동&라멘', '가쓰오우동', 45000, 41000, 10, 1, '가쓰오우동', '../../../../sub_basic.jpg', NULL, NULL),
	(110, 27, '우동&라멘', '해물우동', 45000, 41000, 10, 1, '해물우동', '../../../../sub_basic.jpg', NULL, NULL),
	(111, 27, '우동&라멘', '냉우동', 45000, 41000, 10, 1, '냉우동', '../../../../sub_basic.jpg', NULL, NULL),
	(112, 27, '우동&라멘', '김치우동', 45000, 41000, 10, 1, '김치우동', '../../../../sub_basic.jpg', NULL, NULL),
	(113, 27, '우동&라멘', '미소라멘', 45000, 41000, 10, 1, '미소라멘', '../../../../sub_basic.jpg', NULL, NULL),
	(114, 27, '우동&라멘', '소유라멘', 45000, 41000, 10, 1, '소유라멘', '../../../../sub_basic.jpg', NULL, NULL),
	(115, 28, '커피', '아메리카노', 25000, 22000, 10, 1, '아메리카노', '../../../../sub_basic.jpg', NULL, NULL),
	(116, 28, '커피', '카페라떼', 40000, 36000, 10, 1, '카페라떼', '../../../../sub_basic.jpg', NULL, NULL),
	(117, 28, '커피', '바닐라라떼', 40000, 36000, 10, 1, '바닐라라떼', '../../../../sub_basic.jpg', NULL, NULL),
	(118, 28, '커피', '카라멜라떼', 40000, 36000, 10, 1, '카라멜라떼', '../../../../sub_basic.jpg', NULL, NULL),
	(119, 28, '커피', '크림카페모카', 40000, 36000, 10, 1, '크림카페모카', '../../../../sub_basic.jpg', NULL, NULL),
	(120, 28, '티', '캐모마일', 40000, 36000, 10, 1, '캐모마일', '../../../../sub_basic.jpg', NULL, NULL),
	(121, 28, '티', '얼그레이', 40000, 36000, 10, 1, '얼그레이', '../../../../sub_basic.jpg', NULL, NULL),
	(122, 28, '티', '페퍼민트', 40000, 36000, 10, 1, '페퍼민트', '../../../../sub_basic.jpg', NULL, NULL),
	(123, 28, '티', '루이보스', 40000, 36000, 10, 1, '루이보스', '../../../../sub_basic.jpg', NULL, NULL),
	(124, 28, '티', '유자차', 40000, 36000, 10, 1, '유자차', '../../../../sub_basic.jpg', NULL, NULL),
	(125, 28, '에이드', '레몬에이드', 40000, 36000, 10, 1, '레몬에이드', '../../../../sub_basic.jpg', NULL, NULL),
	(126, 28, '에이드', '청포도에이드', 40000, 36000, 10, 1, '청포도에이드', '../../../../sub_basic.jpg', NULL, NULL),
	(127, 28, '에이드', '애플망고에이드', 40000, 36000, 10, 1, '애플망고에이드', '../../../../sub_basic.jpg', NULL, NULL),
	(128, 28, '에이드', '자몽에이드', 40000, 36000, 10, 1, '자몽에이드', '../../../../sub_basic.jpg', NULL, NULL),
	(129, 28, '디저트', '크림카스테라', 55000, 50000, 10, 1, '크림카스테라', '../../../../sub_basic.jpg', NULL, NULL),
	(130, 28, '디저트', '초코케이크', 55000, 50000, 10, 1, '초코케이크', '../../../../sub_basic.jpg', NULL, NULL),
	(131, 28, '디저트', '더블초코쿠키', 55000, 50000, 10, 1, '더블초코쿠키', '../../../../sub_basic.jpg', NULL, NULL),
	(132, 28, '디저트', '크로플', 55000, 50000, 10, 1, '크로플', '../../../../sub_basic.jpg', NULL, NULL),
	(133, 34, '커트', '(여성)컷+드라이', 17000, 15000, 1, 1, '(여성)컷+드라이', '../../../../sub_basic.jpg', NULL, NULL),
	(134, 34, '커트', '(남성)컷+스타일링', 17000, 15000, 1, 1, '(남성)컷+스타일링', '../../../../sub_basic.jpg', NULL, NULL),
	(135, 34, '커트', '컷+옆다운', 30000, 27000, 1, 1, '컷+옆다운', '../../../../sub_basic.jpg', NULL, NULL),
	(136, 34, '커트', '컷+옆다운+뒷다운', 34000, 30000, 1, 1, '컷+옆다운+뒷다운', '../../../../sub_basic.jpg', NULL, NULL),
	(137, 34, '펌', '(여성) 디지털/셋팅펌', 90000, 81000, 1, 1, '(여성) 디지털/셋팅펌', '../../../../sub_basic.jpg', NULL, NULL),
	(138, 34, '펌', '(여성) 단백질디지털/셋팅', 90000, 81000, 1, 1, '(여성) 단백질디지털/셋팅', '../../../../sub_basic.jpg', NULL, NULL),
	(139, 34, '펌', '(여성) 단백질매직', 90000, 81000, 1, 1, '(여성) 단백질매직', '../../../../sub_basic.jpg', NULL, NULL),
	(140, 34, '펌', '(여성) 일반 볼륨매직', 90000, 81000, 1, 1, '(여성) 일반 볼륨매직', '../../../../sub_basic.jpg', NULL, NULL),
	(141, 34, '펌', '(여성) 단백질볼륨매직', 90000, 81000, 1, 1, '(여성) 단백질볼륨매직', '../../../../sub_basic.jpg', NULL, NULL),
	(142, 34, '펌', '(남성) 라인다운펌', 60000, 54000, 1, 1, '(남성) 라인다운펌', '../../../../sub_basic.jpg', NULL, NULL),
	(143, 34, '펌', '(남성) 투블럭펌', 70000, 63000, 1, 1, '(남성) 투블럭펌', '../../../../sub_basic.jpg', NULL, NULL),
	(144, 34, '펌', '(남성) 애즈펌', 70000, 63000, 1, 1, '(남성) 애즈펌', '../../../../sub_basic.jpg', NULL, NULL),
	(145, 34, '펌', '(남성) 가르마펌', 70000, 63000, 1, 1, '(남성) 가르마펌', '../../../../sub_basic.jpg', NULL, NULL),
	(146, 34, '염색', '(여성)뿌리염색', 50000, 45000, 1, 1, '(여성)뿌리염색', '../../../../sub_basic.jpg', NULL, NULL),
	(147, 34, '염색', '(여성)일반염색', 60000, 54000, 1, 1, '(여성)일반염색', '../../../../sub_basic.jpg', NULL, NULL),
	(148, 34, '염색', '(여성)데미염색', 60000, 54000, 1, 1, '(여성)일반염색', '../../../../sub_basic.jpg', NULL, NULL),
	(149, 34, '염색', '(여성)기본탈색', 60000, 54000, 1, 1, '(여성)일반염색', '../../../../sub_basic.jpg', NULL, NULL),
	(150, 34, '염색', '(남성)일반염색', 50000, 45000, 1, 1, '(남성)일반염색', '../../../../sub_basic.jpg', NULL, NULL),
	(151, 34, '염색', '(남성)데미염색', 60000, 54000, 1, 1, '(남성)데미염색', '../../../../sub_basic.jpg', NULL, NULL),
	(152, 34, '염색', '(남성)일반탈색', 50000, 45000, 1, 1, '(남성)일반탈색', '../../../../sub_basic.jpg', NULL, NULL),
	(153, 34, '클리닉', '두피스케일링', 50000, 45000, 1, 1, '두피스케일링', '../../../../sub_basic.jpg../../../../sub_basic.jpg', NULL, NULL);
/*!40000 ALTER TABLE `t_menu` ENABLE KEYS */;

-- 테이블 59project.t_not 구조 내보내기
CREATE TABLE IF NOT EXISTS `t_not` (
  `not_num` int(10) unsigned NOT NULL AUTO_INCREMENT,
  `user_num` int(10) unsigned NOT NULL,
  `store_nm` varchar(100) DEFAULT NULL,
  `menu_nm` varchar(100) DEFAULT NULL,
  `not_type` int(10) unsigned DEFAULT NULL,
  `not_url` varchar(100) DEFAULT NULL,
  `created_at` datetime DEFAULT current_timestamp(),
  `not_read_check` int(10) unsigned DEFAULT 0,
  PRIMARY KEY (`not_num`)
) ENGINE=InnoDB AUTO_INCREMENT=25 DEFAULT CHARSET=utf8mb3;

-- 테이블 데이터 59project.t_not:~13 rows (대략적) 내보내기
/*!40000 ALTER TABLE `t_not` DISABLE KEYS */;
INSERT IGNORE INTO `t_not` (`not_num`, `user_num`, `store_nm`, `menu_nm`, `not_type`, `not_url`, `created_at`, `not_read_check`) VALUES
	(10, 10, '가게이름1', '갈비찜', 1, 'review_write.php?menu_num=6', '2022-05-24 14:26:42', 1),
	(12, 10, '가게이름3', '메뉴이름', 3, 'review_write.php?menu_num=6', '2022-05-22 14:26:42', 1),
	(13, 10, '가게이름0', '메뉴이름', 0, 'review_write.php?menu_num=6', '2022-05-20 14:26:42', 1),
	(14, 10, '가게이름4', '메뉴이름', 4, 'review_write.php?menu_num=6', '2022-05-24 14:26:43', 1),
	(15, 10, '가게이름9', '갈비찜', 9, 'review_write.php?menu_num=6', '2022-05-24 14:26:43', 1),
	(17, 10, '한식당', '갈비찜', 4, 'review_write.php?menu_num=6', '2022-05-24 15:15:52', 1),
	(18, 10, '가게이름4', '갈비찜', 4, 'review_write.php?menu_num=6', '2022-05-24 15:15:52', 1),
	(19, 10, '한식당', '갈비찜', 4, 'review_write.php?menu_num=6', '2022-05-24 15:15:53', 1),
	(20, 10, '가게이름0', '메뉴이름', 0, 'review_write.php?menu_num=6', '2022-05-24 15:29:42', 1),
	(21, 10, '맥도날드', '슈비버거', 7, 'review_write.php?menu_num=38', '2022-05-24 15:29:42', 1),
	(22, 10, '한식당', '갈비찜', 7, 'review_write.php?menu_num=6', '2022-05-24 15:29:43', 1),
	(23, 10, '한식집', '만두탕', 7, 'review_write.php?menu_num=1', '2022-05-24 15:29:43', 1),
	(24, 10, '김밥천국', '계란김밥', 7, 'review_write.php?menu_num=18', '2022-05-24 15:29:43', 1);
/*!40000 ALTER TABLE `t_not` ENABLE KEYS */;

-- 테이블 59project.t_review 구조 내보내기
CREATE TABLE IF NOT EXISTS `t_review` (
  `review_num` int(10) unsigned NOT NULL AUTO_INCREMENT,
  `store_num` int(10) unsigned NOT NULL,
  `user_num` int(10) unsigned NOT NULL,
  `created_at` datetime DEFAULT current_timestamp(),
  `upated_at` datetime DEFAULT NULL ON UPDATE current_timestamp(),
  `ctnt` varchar(200) DEFAULT NULL,
  `star_rating` int(10) unsigned NOT NULL,
  PRIMARY KEY (`review_num`),
  KEY `store_num` (`store_num`),
  KEY `user_num` (`user_num`),
  CONSTRAINT `t_review_ibfk_1` FOREIGN KEY (`store_num`) REFERENCES `t_store` (`store_num`),
  CONSTRAINT `t_review_ibfk_2` FOREIGN KEY (`user_num`) REFERENCES `t_user` (`user_num`)
) ENGINE=InnoDB AUTO_INCREMENT=79 DEFAULT CHARSET=utf8mb3;

-- 테이블 데이터 59project.t_review:~71 rows (대략적) 내보내기
/*!40000 ALTER TABLE `t_review` DISABLE KEYS */;
INSERT IGNORE INTO `t_review` (`review_num`, `store_num`, `user_num`, `created_at`, `upated_at`, `ctnt`, `star_rating`) VALUES
	(2, 1, 10, '2022-05-20 16:53:38', '2022-06-09 16:30:46', '깔끔해서 좋아요', 5),
	(3, 18, 48, '2022-05-20 16:53:38', '2022-06-09 11:40:04', '떡볶이 맛있었어요', 5),
	(4, 21, 51, '2022-05-20 16:53:38', '2022-06-09 11:40:06', '도시락 맛있었어요', 5),
	(5, 23, 44, '2022-05-20 16:53:38', '2022-06-09 11:40:08', '자장면 맛있었어요', 5),
	(6, 25, 50, '2022-05-20 16:53:38', '2022-06-09 11:40:11', '파스타 맛있었어요', 5),
	(7, 27, 45, '2022-05-20 16:53:38', '2022-06-09 11:40:26', '와사비가 너무 많았어요 ㅜㅜ', 3),
	(8, 18, 10, '2022-05-20 16:53:38', '2022-05-25 17:32:17', '떡볶이 맛있었어요', 5),
	(9, 1, 44, '2022-05-30 10:11:39', NULL, '잡탕 맛있어요 다음에도 시켜 먹을게요', 4),
	(15, 1, 44, '2022-06-03 19:55:22', '2022-06-08 18:31:17', '튀김 맛집 강력추천!!!', 4),
	(16, 5, 44, '2022-06-08 18:32:06', NULL, '사장님이 친절해요', 4),
	(17, 5, 48, '2022-06-08 18:32:06', '2022-06-08 18:32:39', '퀄리티가 좋아요', 5),
	(18, 21, 51, '2022-05-20 16:53:38', '2022-06-08 18:35:18', '점심에 간편하게 너무 좋아요', 4),
	(19, 21, 50, '2022-05-20 16:53:38', '2022-05-25 17:33:10', '회사 근처에 이런 곳이,,,,추천!!', 5),
	(20, 18, 10, '2022-05-20 16:53:38', '2022-05-25 17:32:17', '오늘은 오뎅양이 많이 없네요', 3),
	(21, 23, 51, '2022-05-20 16:53:38', '2022-06-08 18:36:19', '양이 많아요!', 5),
	(22, 23, 45, '2022-05-20 16:53:38', '2022-06-08 18:36:19', '위생이 별로 인것같아요...', 2),
	(23, 25, 48, '2022-05-20 16:53:38', '2022-05-25 17:33:37', '고기가 너무 부드러워요', 5),
	(24, 25, 50, '2022-05-20 16:53:38', '2022-05-25 17:33:37', '양식 is 뭔들,,,,', 5),
	(25, 27, 44, '2022-05-20 16:53:38', '2022-05-25 17:33:57', '내 단골 초밥집', 5),
	(26, 27, 50, '2022-05-20 16:53:38', '2022-06-08 18:39:09', '이번 달 점심구독권으로 했는데 너무 좋아요', 5),
	(27, 5, 45, '2022-06-08 18:32:06', '2022-06-08 18:40:08', '제가 늘 가는 곳에 위치해 있어서 가기 편해요', 5),
	(28, 34, 48, '2022-06-08 18:40:45', '2022-06-08 18:41:21', '염색 잘 하는 집!!', 5),
	(29, 34, 45, '2022-06-08 18:40:45', '2022-06-08 18:41:41', '항상 가는 곳인데 이런 구독권이,,,너무 잘 쓰고 있습니다.', 5),
	(30, 34, 50, '2022-06-08 18:40:45', '2022-06-08 18:41:57', '직원들 친절하고 좋아요', 5),
	(31, 41, 48, '2022-06-08 18:42:22', '2022-06-08 18:42:47', '가성비 좋아요', 4),
	(32, 41, 50, '2022-06-08 18:42:22', '2022-06-08 18:43:03', '시설이 깨끗해요', 5),
	(33, 41, 51, '2022-06-08 18:42:22', '2022-06-08 18:43:24', '친절하게 운동지도 해주심', 5),
	(34, 28, 50, '2022-06-08 18:43:50', '2022-06-08 18:44:18', '라떼 맛집!!', 5),
	(35, 28, 45, '2022-06-08 18:43:50', '2022-06-08 18:44:39', '학원 근처 카페라서 자주 이용했는데 너무 유용하네요', 5),
	(36, 28, 51, '2022-06-08 18:43:50', '2022-06-08 18:44:59', '사장님이 친절하세요', 5),
	(37, 16, 51, '2022-06-08 18:45:18', '2022-06-08 18:45:41', '반찬도 너무 맛있어요', 5),
	(38, 16, 48, '2022-06-08 18:45:18', '2022-06-08 18:46:03', '점심 구독권으로 애용하는 집', 5),
	(39, 16, 50, '2022-06-08 18:45:18', '2022-06-08 18:46:12', '직장인들에게 강력추천', 5),
	(40, 45, 44, '2022-06-08 18:46:44', '2022-06-08 18:47:16', '떡이 쫄깃쫄깃 맛있어요', 5),
	(41, 45, 50, '2022-06-08 18:46:44', '2022-06-08 18:47:32', '튀김이 조금 눅눅해요', 2),
	(42, 45, 45, '2022-06-08 18:46:44', '2022-06-08 18:47:51', '너무 맛있어요', 5),
	(43, 40, 48, '2022-06-08 18:48:04', '2022-06-08 18:48:31', '취미를 구독하는 시대라니.. 너무 놀라워요', 5),
	(44, 40, 51, '2022-06-08 18:48:04', '2022-06-08 18:48:45', '힐링타임', 5),
	(45, 40, 45, '2022-06-08 18:48:04', '2022-06-08 18:48:36', '너무 재밌어요', 5),
	(46, 55, 45, '2022-06-08 18:49:02', '2022-06-08 18:49:29', '체인점 부럽지 않은 가성비', 5),
	(47, 55, 50, '2022-06-08 18:49:02', '2022-06-08 18:50:18', '느끼하지 않고 질리지 않는 맛', 5),
	(48, 55, 51, '2022-06-08 18:49:02', '2022-06-08 18:49:58', '양이 너무 많아요!!', 4),
	(49, 47, 50, '2022-06-08 18:50:44', '2022-06-08 18:51:11', '기다리지 않아서 점심 시간 절약가능', 5),
	(50, 47, 51, '2022-06-08 18:50:44', '2022-06-08 18:50:56', NULL, 4),
	(51, 47, 44, '2022-06-08 18:50:44', '2022-06-08 18:51:34', '알찬 내용물, 맛있음', 5),
	(52, 1, 48, '2022-05-20 16:53:38', '2022-06-09 11:46:59', '메뉴가 좀더 다양했으면...아쉽네요', 3),
	(53, 1, 51, '2022-05-20 16:53:38', '2022-06-09 11:46:27', '이번달도 구독할게요!!', 5),
	(54, 1, 44, '2022-05-20 16:53:38', '2022-06-09 11:46:15', '잘 먹고 잘 썼습니다.', 5),
	(55, 1, 50, '2022-05-20 16:53:38', '2022-06-09 11:45:06', '음식 기다릴 필요 없으니 시간 절약됨', 5),
	(56, 1, 45, '2022-05-20 16:53:38', '2022-06-09 11:44:53', '사용이 간편해서 좋아요', 5),
	(57, 1, 10, '2022-05-20 16:53:38', '2022-06-09 11:44:43', '저렴하게 잘먹고 갑니다', 5),
	(58, 1, 48, '2022-05-20 16:53:38', '2022-06-09 11:44:35', '저는 밥과 커피를 여기서 해결한갑니다', 5),
	(59, 1, 51, '2022-05-20 16:53:38', '2022-06-09 11:44:20', '회사 사람 추천으로 처음 이용하는데 꼭 직장인 필수 어플!!', 5),
	(60, 1, 44, '2022-05-20 16:53:38', '2022-06-09 11:43:54', '맛있어요 자주 애용할께요', 5),
	(61, 1, 50, '2022-05-20 16:53:38', '2022-06-09 11:43:42', '친절함', 5),
	(62, 1, 45, '2022-05-20 16:53:38', '2022-06-09 11:43:27', '그때 그때 맛이 달라요', 2),
	(63, 1, 50, '2022-05-20 16:53:38', '2022-06-09 11:43:07', '간이 조금 싱거운듯,,,, 아쉬웠어요', 4),
	(64, 1, 45, '2022-05-20 16:53:38', '2022-06-09 11:42:40', '맛있어요! 추천추천!!!!', 5),
	(65, 1, 10, '2022-05-20 16:53:38', '2022-06-09 11:42:28', '음식이 항상 깔끔하네요', 5),
	(66, 1, 48, '2022-05-20 16:53:38', '2022-06-09 11:42:00', '내 최애 점심가게', 5),
	(67, 1, 51, '2022-05-20 16:53:38', '2022-06-09 11:41:45', '점심시간 절약의 핵심', 5),
	(68, 1, 44, '2022-05-20 16:53:38', '2022-06-09 11:41:33', '이모님이 친절하세요', 5),
	(69, 1, 50, '2022-05-20 16:53:38', '2022-06-09 11:41:27', '반찬이 항상 달라서 너무 좋아요', 5),
	(70, 1, 45, '2022-05-20 16:53:38', '2022-06-09 11:41:14', '간이 저한테는 쎈것같아요', 2),
	(71, 1, 10, '2022-05-20 16:53:38', '2022-06-09 11:40:56', '집밥 생각날때 애용하는 곳', 5),
	(72, 1, 10, '2022-06-09 17:56:33', NULL, '불고기가 달달하니 맛있어요 다음에도 사 먹을 것 같아요', 4),
	(73, 20, 10, '2022-06-09 17:57:43', NULL, '슈비 역시 맛있더라구요 ㅎㅎ', 5),
	(74, 1, 10, '2022-06-09 18:33:10', NULL, '좋아요~', 4),
	(75, 1, 10, '2022-06-09 18:56:41', NULL, '좋아요~', 5),
	(76, 1, 10, '2022-06-10 12:32:45', NULL, '너무 좋아요~', 4),
	(77, 1, 10, '2022-06-23 17:25:03', NULL, 'dfasdfsaf', 4),
	(78, 1, 10, '2022-08-02 10:39:58', NULL, '이게 되네??????', 4);
/*!40000 ALTER TABLE `t_review` ENABLE KEYS */;

-- 테이블 59project.t_search 구조 내보내기
CREATE TABLE IF NOT EXISTS `t_search` (
  `search` varchar(50) NOT NULL,
  `created_at` date DEFAULT current_timestamp()
) ENGINE=InnoDB DEFAULT CHARSET=utf8mb3;

-- 테이블 데이터 59project.t_search:~64 rows (대략적) 내보내기
/*!40000 ALTER TABLE `t_search` DISABLE KEYS */;
INSERT IGNORE INTO `t_search` (`search`, `created_at`) VALUES
	('네일', '2022-05-23'),
	('아메리카노', '2022-05-23'),
	('미용실', '2022-05-23'),
	('염색', '2022-05-23'),
	('미용실', '2022-05-23'),
	('염색', '2022-05-23'),
	('애견', '2022-05-23'),
	('애견', '2022-05-23'),
	('용품', '2022-05-23'),
	('드림', '2022-05-23'),
	('카페', '2022-05-23'),
	('카푸치노', '2022-05-23'),
	('그린', '2022-05-23'),
	('네일', '2022-05-23'),
	('컵케이크', '2022-05-23'),
	('케이크', '2022-05-23'),
	('염색', '2022-05-23'),
	('미용실', '2022-05-23'),
	('그린', '2022-05-23'),
	('네일', '2022-05-23'),
	('봄네일', '2022-05-23'),
	('봄네일아트', '2022-05-23'),
	('교촌치킨', '2022-05-23'),
	('치킨집', '2022-05-23'),
	('치킨', '2022-05-23'),
	('치킨', '2022-05-23'),
	('치킨', '2022-05-23'),
	('교촌', '2022-05-23'),
	('애견', '2022-05-23'),
	('용품', '2022-05-23'),
	('애견용품', '2022-05-23'),
	('zkvp', '2022-05-23'),
	('카페', '2022-05-23'),
	('그린', '2022-05-24'),
	('그린', '2022-05-24'),
	('그린네일', '2022-05-24'),
	('그린', '2022-05-24'),
	('그린', '2022-05-24'),
	('그린', '2022-05-24'),
	('그린', '2022-05-24'),
	('그린', '2022-05-24'),
	('그린', '2022-05-24'),
	('그린', '2022-05-25'),
	('헤어샵', '2022-05-25'),
	('그린', '2022-05-26'),
	('그린', '2022-05-26'),
	('그린', '2022-05-26'),
	('한식', '2022-05-26'),
	('치킨', '2022-05-26'),
	('한식', '2022-05-26'),
	('그린', '2022-05-26'),
	('운동', '2022-05-26'),
	('그린', '2022-05-26'),
	('그린', '2022-06-03'),
	('그린', '2022-06-07'),
	('헤어샵어', '2022-06-08'),
	('헤어', '2022-06-08'),
	('한식', '2022-06-09'),
	('네일', '2022-06-09'),
	('한식', '2022-06-09'),
	('그린', '2022-06-10'),
	('계란김밥', '2022-06-10'),
	('계란', '2022-06-10'),
	('김밥', '2022-06-10');
/*!40000 ALTER TABLE `t_search` ENABLE KEYS */;

-- 테이블 59project.t_store 구조 내보내기
CREATE TABLE IF NOT EXISTS `t_store` (
  `store_num` int(10) unsigned NOT NULL AUTO_INCREMENT,
  `store_nm` varchar(100) NOT NULL,
  `store_email` varchar(100) NOT NULL,
  `store_pw` varchar(20) NOT NULL,
  `cate_num` int(10) unsigned NOT NULL,
  `sub_cate` varchar(50) DEFAULT NULL,
  `store_ph` varchar(20) NOT NULL,
  `store_adr` varchar(100) NOT NULL,
  `store_lat` double DEFAULT NULL,
  `store_lng` double DEFAULT NULL,
  `store_photo` varchar(100) NOT NULL,
  `sales_day` varchar(50) NOT NULL,
  `sales_time` varchar(200) DEFAULT NULL,
  `business_num` varchar(100) NOT NULL,
  `open_status` int(10) unsigned DEFAULT 0,
  `views` int(10) unsigned DEFAULT NULL,
  `store_info` varchar(500) DEFAULT NULL,
  `store_notice` varchar(500) DEFAULT NULL,
  PRIMARY KEY (`store_num`),
  UNIQUE KEY `store_email` (`store_email`),
  KEY `cate_num` (`cate_num`),
  CONSTRAINT `t_store_ibfk_1` FOREIGN KEY (`cate_num`) REFERENCES `t_categorie` (`cate_num`)
) ENGINE=InnoDB AUTO_INCREMENT=60 DEFAULT CHARSET=utf8mb3;

-- 테이블 데이터 59project.t_store:~36 rows (대략적) 내보내기
/*!40000 ALTER TABLE `t_store` DISABLE KEYS */;
INSERT IGNORE INTO `t_store` (`store_num`, `store_nm`, `store_email`, `store_pw`, `cate_num`, `sub_cate`, `store_ph`, `store_adr`, `store_lat`, `store_lng`, `store_photo`, `sales_day`, `sales_time`, `business_num`, `open_status`, `views`, `store_info`, `store_notice`) VALUES
	(1, '한식집', 'test@naver.com', '1234', 1, '한식', '123456', '대구 대구대구', 35.8700317, 128.6005225, '95d75f7d-a9a2-4fa0-84f5-d3774a48f4e4.jpg', '월 화    토 ', '15:40,20:50', '사업자등록번호', 1, NULL, '한식가게입니다', ' 한식가게입니다'),
	(2, '그린네일', 'green@naver.com', '1234', 9, NULL, '0531231234', '대구 북구 검단공단로 11', 35.8700317, 128.6005225, '9c4708ab-ca93-745d-86b7-06eea7c5e0dc.jpg', '월 화 수', '15:40,20:50', '1234', 0, NULL, '55', NULL),
	(5, '그린네일', 'green@snds.com', '1234', 9, NULL, '0531231234', '대구 북구 검단공단로 11', 35.8700317, 128.6005225, '9c4708ab-ca93-745d-86b7-06eea7c5e0dc.jpg', '월 화 수', '15:40,20:50', '1234', 0, NULL, '55', NULL),
	(6, '오구오구학원', 'test@ndsds.com', '1234', 1, NULL, '123456', '대구 대구대구', 35.8700317, 128.6005225, 'null', '월 화 수 목 금  ', '15:40,20:50', '사업자등록번호', 1, NULL, '테스트 1', '가나다라ㅏ'),
	(10, '가죽공예', 'test@ndsddss.com', '1234', 1, NULL, '123456', '대구 대구대구', 35.868304, 128.593923, 'null', '월 화 수 목 금  ', '15:40,20:50', '사업자등록번호', 1, NULL, '테스트 1', '가나다라ㅏ'),
	(11, '오구풀댄스', 'test@ndsddfdfdfdss.com', '1234', 1, NULL, '123456', '대구 대구대구', 35.868304, 128.593923, 'null', '월 화 수 목 금  ', '15:40,20:50', '사업자등록번호', 1, NULL, '테스트 1', '가나다라ㅏ'),
	(12, '그린네일', 'green@s2251nds.com', '1234', 9, NULL, '0531231234', '대구 북구 검단공단로 11', 35.865445, 128.593923, '9c4708ab-ca93-745d-86b7-06eea7c5e0dc.jpg', '월 화 수', '05:48,19:50', '1234', 0, NULL, '55', NULL),
	(16, '그린한식', 'green1@naver.com', '1234', 1, NULL, '123456', '대구 대구대구', 35.868304, 128.593923, 'null', '월 화 수 목 금  ', '15:40,20:50', '사업자등록번호', 1, NULL, '테스트 1', '가나다라ㅏ'),
	(18, '그린분식', 'green2@naver.com', '1234', 2, NULL, '123456', '대구 대구대구', 35.868304, 128.593923, '3a6c6667-d1d8-4f55-b3e9-04044650a2f3.png', '월 화 수 목 금  ', '15:40,20:50', '사업자등록번호', 1, NULL, '테스트 1', '가나다라ㅏ'),
	(20, '그린패스트푸드', 'green3@naver.com', '1234', 3, NULL, '123456', '대구 대구대구', 35.868304, 128.593923, 'null', '월 화 수 목 금  ', '15:40,20:50', '사업자등록번호', 1, NULL, '테스트 1', '가나다라ㅏ'),
	(21, '그린도시락', 'green4@naver.com', '1234', 4, NULL, '05312341234', '대구 남구', 35.868304, 123.593923, 'null', '월 화 수 목 금', '15:40,20:50', '사업자등록번호', 1, NULL, '테스트2', '가나다가나다'),
	(23, '그린중식', 'green5@naver.com', '1234', 5, NULL, '05312341234', '대구 남구', 35.868304, 123.593923, 'null', '월 화 수 목 금', '15:40,20:50', '사업자등록번호', 1, NULL, '테스트2', '가나다가나다'),
	(25, '그린양식', 'green6@naver.com', '1234', 6, NULL, '05312341234', '대구 남구', 35.868304, 123.593923, '0491ebe7-910b-4796-a5da-ca59f8e6189a.jpg', '월 화 수 목 금', '15:40,20:50', '사업자등록번호', 1, NULL, '테스트2', '가나다가나다'),
	(27, '그린일식', 'green7@naver.com', '1234', 7, NULL, '05312341234', '대구 남구', 35.868304, 123.593923, 'null', '월 화 수 목 금', '15:40,20:50', '사업자등록번호', 1, NULL, '테스트2', '가나다가나다'),
	(28, '그린카페', 'green8@naver.com', '1234', 8, '카페', '05312341234', '대구 남구', 35.868304, 123.593923, 'null', '월 화 수 목 금', '15:40,20:50', '사업자등록번호', 1, NULL, '테스트2', '가나다가나다'),
	(34, '그린헤어샵', 'green10@naver.com', '1234', 9, '헤어샵', '05312341234', '대구 남구', 35.868304, 123.593923, 'null', '월 화 수 목 금', '15:40,20:50', '사업자등록번호', 1, NULL, '테스트2', '가나다가나다'),
	(40, '그린취미', 'green11@naver.com', '1234', 11, '자수', '05312341234', '대구 남구', 35.868304, 123.593923, 'null', '월 화 수 목 금', '15:40,20:50', '사업자등록번호', 1, NULL, '테스트2', '가나다가나다'),
	(41, '그린운동', 'green12@naver.com', '1234', 12, '헬스', '05312341234', '대구 남구', 35.868304, 123.593923, 'null', '월 화 수 목 금', '15:40,20:50', '사업자등록번호', 1, NULL, '테스트2', '가나다가나다'),
	(42, '오구한식', 'green13@naver.com', '1234', 1, '한식', '05312341234', '대구 남구', 35.868304, 123.593923, 'null', '월 화 수 목 금', '15:40,20:50', '사업자등록번호', 1, NULL, '한식가게입니다', '한식가게~~~'),
	(43, '아무한식', 'green14@naver.com', '1234', 1, '국밥', '05312341234', '대구 남구', 35.868304, 123.593923, '18.JPG', '월 화 수 목 금', '15:40,20:50', '사업자등록번호', 1, NULL, '한식가게입니다', '한식가게~~~'),
	(44, '오구분식', 'green15@naver.com', '1234', 2, '분식', '05312341234', '대구 남구', 35.868304, 123.593923, 'null', '월 화 수 목 금', '15:40,20:50', '사업자등록번호', 1, NULL, '분식가게입니다.', '분식가게~~~~'),
	(45, '아무분식', 'green16@naver.com', '1234', 2, '분식', '05312341234', '대구 남구', 35.868304, 123.593923, 'null', '월 화 수 목 금', '15:40,20:50', '사업자등록번호', 1, NULL, '분식가게입니다.', '분식가게~~~~'),
	(46, '오구패스트푸드', 'green17@naver.com', '1234', 3, '햄버거', '05312341234', '대구 남구', 35.868304, 123.593923, 'null', '월 화 수 목 금', '15:40,20:50', '사업자등록번호', 1, NULL, '햄버거가게입니다.', '햄버거가게~~~~'),
	(47, '아무패스트푸드', 'green18@naver.com', '1234', 3, '피자', '05312341234', '대구 남구', 35.868304, 123.593923, 'null', '월 화 수 목 금', '15:40,20:50', '사업자등록번호', 1, NULL, '피자가게입니다.', '피자가게~~~~'),
	(48, '오구도시락', 'green19@naver.com', '1234', 4, '도시락', '05312341234', '대구 남구', 35.868304, 123.593923, 'null', '월 화 수 목 금', '15:40,20:50', '사업자등록번호', 1, NULL, '도시락가게입니다.', '도시락가게~~~~'),
	(49, '아무도시락', 'green20@naver.com', '1234', 4, '도시락', '05312341234', '대구 남구', 35.868304, 123.593923, 'null', '월 화 수 목 금', '15:40,20:50', '사업자등록번호', 1, NULL, '도시락가게입니다.', '도시락가게~~~~'),
	(50, '오구중식', 'green21@naver.com', '1234', 5, '중식', '05312341234', '대구 남구', 35.868304, 123.593923, 'null', '월 화 수 목 금', '15:40,20:50', '사업자등록번호', 1, NULL, '중식가게입니다.', '중식가게~~~~'),
	(51, '아무중식', 'green22@naver.com', '1234', 5, '중식', '05312341234', '대구 남구', 35.868304, 123.593923, 'null', '월 화 수 목 금', '15:40,20:50', '사업자등록번호', 1, NULL, '중식가게입니다.', '중식가게~~~~'),
	(52, '아무양식', 'green23@naver.com', '1234', 6, '파스타', '05312341234', '대구 남구', 35.868304, 123.593923, 'null', '월 화 수 목 금', '15:40,20:50', '사업자등록번호', 1, NULL, '파스타가게입니다.', '파스타가게~~~~'),
	(53, '오구양식', 'green24@naver.com', '1234', 6, '카레', '05312341234', '대구 남구', 35.868304, 123.593923, 'null', '월 화 수 목 금', '15:40,20:50', '사업자등록번호', 1, NULL, '카레가게입니다.', '카레가게~~~~'),
	(54, '오구초밥', 'green25@naver.com', '1234', 7, '초밥', '05312341234', '대구 남구', 35.868304, 123.593923, 'null', '월 화 수 목 금', '15:40,20:50', '사업자등록번호', 1, NULL, '초밥가게입니다.', '초밥가게~~~~'),
	(55, '아무돈까스', 'green26@naver.com', '1234', 7, '돈까스', '05312341234', '대구 남구', 35.868304, 123.593923, 'null', '월 화 수 목 금', '15:40,20:50', '사업자등록번호', 1, NULL, '돈까스가게입니다.', '돈까스가게~~~~'),
	(56, '오구카페', 'green27@naver.com', '1234', 8, '카페', '05312341234', '대구 남구', 35.868304, 123.593923, 'null', '월 화 수 목 금', '15:40,20:50', '사업자등록번호', 1, NULL, '커피가게입니다.', '커피가게~~~~'),
	(57, '오구도넛', 'green28@naver.com', '1234', 8, '디저트', '05312341234', '대구 남구', 35.868304, 123.593923, 'ogu.JPG', '월 화 수 목 금', '15:40,20:50', '사업자등록번호', 1, NULL, '도넛가게입니다.', '도넛가게~~~~'),
	(58, '오구네일', 'green29@naver.com', '1234', 9, '네일', '05312341234', '대구 남구', 35.8683476, 128.5940482, 'null', '월 화 수 목 금', '15:40,20:50', '사업자등록번호', 1, NULL, '네일샵입니다.', '네일샵~~~~'),
	(59, '오구헤어', 'green30@naver.com', '1234', 10, '헤어', '05312341234', '대구 남구', 35.868304, 123.593923, 'null', '월 화 수 목 금', '15:40,20:50', '사업자등록번호', 1, NULL, '헤어샵입니다.', '헤어샵~~~~');
/*!40000 ALTER TABLE `t_store` ENABLE KEYS */;

-- 테이블 59project.t_sub 구조 내보내기
CREATE TABLE IF NOT EXISTS `t_sub` (
  `sub_num` int(10) unsigned NOT NULL AUTO_INCREMENT,
  `user_num` int(10) unsigned NOT NULL,
  `menu_num` int(10) unsigned NOT NULL,
  `subed_price` int(10) unsigned NOT NULL,
  `store_num` int(10) unsigned NOT NULL,
  `sub_at` date NOT NULL,
  `pay_date` datetime DEFAULT current_timestamp(),
  `pay_method` varchar(10) NOT NULL,
  `end_date` date NOT NULL,
  `subed_count` int(10) unsigned NOT NULL,
  `remaining_count` int(10) unsigned NOT NULL,
  `save_price` int(10) unsigned NOT NULL,
  PRIMARY KEY (`sub_num`),
  KEY `user_num` (`user_num`),
  KEY `menu_num` (`menu_num`),
  KEY `store_num` (`store_num`),
  CONSTRAINT `t_sub_ibfk_1` FOREIGN KEY (`user_num`) REFERENCES `t_user` (`user_num`),
  CONSTRAINT `t_sub_ibfk_2` FOREIGN KEY (`menu_num`) REFERENCES `t_menu` (`menu_num`),
  CONSTRAINT `t_sub_ibfk_3` FOREIGN KEY (`store_num`) REFERENCES `t_store` (`store_num`)
) ENGINE=InnoDB AUTO_INCREMENT=33 DEFAULT CHARSET=utf8mb3;

-- 테이블 데이터 59project.t_sub:~17 rows (대략적) 내보내기
/*!40000 ALTER TABLE `t_sub` DISABLE KEYS */;
INSERT IGNORE INTO `t_sub` (`sub_num`, `user_num`, `menu_num`, `subed_price`, `store_num`, `sub_at`, `pay_date`, `pay_method`, `end_date`, `subed_count`, `remaining_count`, `save_price`) VALUES
	(1, 45, 1, 50000, 58, '2022-05-23', '2022-04-23 17:03:01', '0', '2022-05-23', 10, 10, 5000),
	(3, 45, 120, 50000, 2, '2022-05-23', '2022-05-23 17:03:01', '0', '2022-06-23', 10, 10, 5000),
	(4, 44, 1, 50000, 2, '2022-05-23', '2022-05-23 17:03:01', '0', '2022-06-23', 10, 10, 5000),
	(5, 45, 1, 50000, 57, '2022-05-23', '2022-03-23 17:03:01', '0', '2022-04-23', 10, 10, 5000),
	(6, 44, 96, 50000, 1, '2022-05-23', '2022-05-23 17:03:01', '0', '2022-06-23', 10, 10, 5000),
	(7, 45, 1, 50000, 1, '2022-05-23', '2022-05-23 17:03:01', '0', '2022-06-23', 10, 10, 5000),
	(8, 10, 5, 50000, 1, '2022-05-23', '2022-04-23 17:03:01', '0', '2022-05-23', 10, 10, 5000),
	(9, 10, 120, 50000, 2, '2022-05-23', '2022-04-23 17:03:01', '0', '2022-05-23', 10, 10, 5000),
	(10, 10, 5, 50000, 34, '2022-05-23', '2022-03-23 17:03:01', '0', '2022-04-23', 10, 10, 5000),
	(11, 10, 5, 50000, 1, '2022-05-23', '2022-05-23 17:03:01', '0', '2022-06-23', 10, 10, 5000),
	(12, 45, 1, 50000, 43, '2022-05-23', '2022-05-23 17:03:01', '0', '2022-06-23', 10, 10, 5000),
	(26, 10, 1, 65000, 1, '2022-06-09', '2022-04-09 16:09:13', '0', '2022-05-09', 20, 20, 30000),
	(27, 10, 85, 90000, 25, '2022-06-09', '2022-06-09 16:11:23', '0', '2022-07-09', 5, 5, 10000),
	(29, 10, 16, 27000, 18, '2022-06-10', '2022-06-10 11:30:55', '0', '2022-07-10', 10, 10, 3000),
	(30, 10, 16, 27000, 18, '2022-06-10', '2022-06-10 12:46:44', '0', '2022-08-10', 20, 20, 6000),
	(31, 51, 137, 81000, 34, '2022-06-10', '2022-06-10 20:19:25', '0', '2022-08-10', 2, 2, 18000),
	(32, 50, 16, 27000, 18, '2022-06-10', '2022-06-10 20:28:46', '0', '2022-07-10', 10, 10, 3000);
/*!40000 ALTER TABLE `t_sub` ENABLE KEYS */;

-- 테이블 59project.t_usedsub 구조 내보내기
CREATE TABLE IF NOT EXISTS `t_usedsub` (
  `sub_num` int(10) unsigned NOT NULL,
  `used_at` datetime NOT NULL DEFAULT current_timestamp(),
  `finished_at` datetime DEFAULT NULL,
  `cd_sub_status` int(10) unsigned DEFAULT 0,
  `reservation_date` datetime DEFAULT NULL,
  PRIMARY KEY (`sub_num`,`used_at`),
  CONSTRAINT `t_usedsub_ibfk_1` FOREIGN KEY (`sub_num`) REFERENCES `t_sub` (`sub_num`)
) ENGINE=InnoDB DEFAULT CHARSET=utf8mb3;

-- 테이블 데이터 59project.t_usedsub:~10 rows (대략적) 내보내기
/*!40000 ALTER TABLE `t_usedsub` DISABLE KEYS */;
INSERT IGNORE INTO `t_usedsub` (`sub_num`, `used_at`, `finished_at`, `cd_sub_status`, `reservation_date`) VALUES
	(3, '2022-05-30 09:36:30', NULL, 0, '2022-06-06 15:00:00'),
	(3, '2022-06-15 09:40:45', NULL, 0, '2022-06-22 16:30:00'),
	(6, '2022-06-10 14:29:53', NULL, 1, '2022-06-10 14:29:54'),
	(7, '2022-06-10 14:30:01', NULL, 0, '2022-06-10 14:30:02'),
	(8, '2022-06-10 14:30:08', NULL, 0, '2022-06-10 14:30:39'),
	(9, '2022-06-09 11:31:29', NULL, 0, '2022-06-09 20:00:00'),
	(10, '2022-06-10 14:30:48', NULL, 0, '2022-06-10 14:30:48'),
	(11, '2022-06-08 17:22:18', NULL, 1, '2022-06-13 16:00:00'),
	(11, '2022-06-23 17:23:37', NULL, 0, '2022-06-26 16:30:00'),
	(26, '2022-06-10 14:31:29', NULL, 0, '2022-06-10 14:31:44'),
	(29, '2022-06-10 12:33:16', NULL, 0, '2022-06-12 17:00:00');
/*!40000 ALTER TABLE `t_usedsub` ENABLE KEYS */;

-- 테이블 59project.t_user 구조 내보내기
CREATE TABLE IF NOT EXISTS `t_user` (
  `user_num` int(10) unsigned NOT NULL AUTO_INCREMENT,
  `user_mail` varchar(100) NOT NULL,
  `user_pw` varchar(50) NOT NULL,
  `user_nm` varchar(10) NOT NULL,
  `user_phnum` char(11) DEFAULT NULL,
  `nickname` varchar(20) NOT NULL,
  `user_adr` varchar(100) DEFAULT NULL,
  `created_at` datetime DEFAULT current_timestamp(),
  `upated_at` datetime DEFAULT NULL ON UPDATE current_timestamp(),
  PRIMARY KEY (`user_num`),
  UNIQUE KEY `user_mail` (`user_mail`),
  UNIQUE KEY `nickname` (`nickname`)
) ENGINE=InnoDB AUTO_INCREMENT=52 DEFAULT CHARSET=utf8mb3;

-- 테이블 데이터 59project.t_user:~6 rows (대략적) 내보내기
/*!40000 ALTER TABLE `t_user` DISABLE KEYS */;
INSERT IGNORE INTO `t_user` (`user_num`, `user_mail`, `user_pw`, `user_nm`, `user_phnum`, `nickname`, `user_adr`, `created_at`, `upated_at`) VALUES
	(10, 'test5040@email.com', '*6CE3F1DC26EAA5F3E8DBF26CAED08F280B496320', '그린버거', '01027365040', '그린버거', NULL, '2022-05-16 18:05:23', '2022-06-10 11:29:51'),
	(44, 'test2@email.com', '*32980D847D1AB22DEFCE996DAEB9DF965E2256B1', '구래', NULL, '비번은isolet5066@', NULL, '2022-05-19 15:14:52', NULL),
	(45, 'test444@email.com', '*32BD22BF7D55E4F0D13DC46CD6EA8324B521F439', '블루버거', NULL, '비번은isolet506@', NULL, '2022-05-19 15:30:22', '2022-06-10 10:45:40'),
	(48, 'abc@email.com', '*2F1854EDEF068564F541D8C1B830904264E4BAF2', '레드버거', NULL, '비번은 506greendg@', NULL, '2022-05-27 15:58:17', '2022-06-10 10:45:43'),
	(50, 'test333@email.com', '*32BD22BF7D55E4F0D13DC46CD6EA8324B521F439', '그리닝', NULL, '비번isolet506@', NULL, '2022-05-19 15:30:22', '2022-05-20 16:49:09'),
	(51, 'edf@email.com', '*2F1854EDEF068564F541D8C1B830904264E4BAF2', '푸푸', NULL, '비번506greendg@', NULL, '2022-05-27 15:58:17', NULL);
/*!40000 ALTER TABLE `t_user` ENABLE KEYS */;

/*!40101 SET SQL_MODE=IFNULL(@OLD_SQL_MODE, '') */;
/*!40014 SET FOREIGN_KEY_CHECKS=IFNULL(@OLD_FOREIGN_KEY_CHECKS, 1) */;
/*!40101 SET CHARACTER_SET_CLIENT=@OLD_CHARACTER_SET_CLIENT */;
/*!40111 SET SQL_NOTES=IFNULL(@OLD_SQL_NOTES, 1) */;
